{"Configurações da cena":[{"ComponentID":154,"ComponentKey":"04D9F5799A34","Priority":0,"Settings":[{"ID":0,"Name":"SceneName","Value":"Scene 1"},{"ID":1,"Name":"SceneRect","Value":"1920,1080"},{"ID":2,"Name":"Indicador","SubSettings":[{"Name":"IndicatorPosition","Value":"0"},{"Name":"IndicatorTimer","Value":"1"}],"Value":""},{"ID":3,"Name":"Câmera","SubSettings":[{"Name":"CameraEnable","Value":"1"},{"Name":"CameraSize","Value":"3"},{"Name":"CameraChromaEnable","Value":"0"},{"Name":"CameraChromaStrength","Value":"0"},{"Name":"CameraChromaKeyColor","Value":"00FF00"},{"Name":"CameraOpacity","Value":"100"},{"Name":"CameraOnScreen","Value":"1"},{"Name":"CameraRect","Value":"320,240"},{"Name":"CameraPosition","Value":"40,40"},{"Name":"CameraAnchor","Value":"3"},{"Name":"CameraChromaColor","Value":"3"}],"Value":""},{"ID":4,"Name":"Sobreposição de bate-papo","SubSettings":[{"Name":"ChatEnabled","Value":"0"},{"Name":"ChatSize","Value":"300,300"},{"Name":"ChatPosition","Value":"50,50"},{"Name":"ChatFont","Value":"1"}],"Value":""}]}],"Configurações de Desempenho":[{"ComponentID":106,"ComponentKey":"04D9F5799A34","Settings":[{"ID":3,"Name":"Local de registro de desempenho","Value":"C:\\Users\\jefferson\\AppData\\Local\\AMD\\CN"},{"ID":4,"Name":"Intervalo de amostragem","Value":200},{"ID":8,"Name":"FPS","Value":1},{"ID":17,"Name":"UTIL. DA CPU","Value":1},{"ID":18,"Name":"UTIL. DA RAM","Value":1},{"ID":5,"Name":"Ocultar sobreposição de métricas durante o registro","Value":1},{"ID":6,"Name":"Mostrar na saída de transmissão/vídeo","Value":0},{"ID":1,"Name":"Mostrar sobreposição de métricas","State":0,"Value":""},{"ID":20,"Name":"Local","Value":1},{"ID":22,"Name":"Posição","Value":"40,40"},{"ID":21,"Name":"Transparência","Value":70},{"ID":24,"Name":"Tamanho","Value":2},{"ID":25,"Name":"Colunas","Value":1},{"ID":26,"Name":"Cor do texto","Value":0},{"ID":27,"Name":"Cor personalizada de texto","Value":"#F8FFFF"}]},{"ComponentID":106,"ComponentKey":"67DFE705971043E7015.050.002.001","Settings":[{"ID":9,"Name":"UTIL. DA GPU","Value":1},{"ID":10,"Name":"SCLK DA GPU","Value":1},{"ID":11,"Name":"MCLK DA GPU","Value":1},{"ID":12,"Name":"TEMP. DA GPU","Value":1},{"ID":14,"Name":"ENERGIA DA GPU","Value":1},{"ID":15,"Name":"VENT. DA GPU","Value":1},{"ID":16,"Name":"VRAM DA GPU","Value":1}]}],"Configurações de perfil do assistente":[{"ComponentID":159,"ComponentKey":"04D9F5799A34","Settings":[]}],"Configurações de preferências":[{"ComponentID":61,"ComponentKey":"04D9F5799A34","Settings":[{"ID":2,"Name":"Menu da bandeja do sistema","State":1,"Value":""},{"ID":0,"Name":"Sobreposição no jogo","State":1,"Value":""},{"ID":1,"Name":"Consultor de upgrade","State":1,"Value":""},{"ID":4,"Name":"Anúncios","State":1,"Value":""},{"ID":8,"Name":"Notificações do sistema","State":1,"Value":""},{"ID":6,"Name":"Sempre visível","State":0,"Value":""},{"ID":5,"Name":"Idioma","State":15,"Value":""},{"ID":7,"Name":"Posição da barra lateral","State":0,"Value":""},{"ID":10,"Name":"Animação e efeitos","State":1,"Value":""}]}],"Configurações de teclas de atalho":[{"ComponentID":109,"ComponentKey":"04D9F5799A34","Settings":[{"ID":0,"Name":"Troca em tempo real","Value":"Ctrl+Shift,G"},{"ID":1,"Name":"Alternar transmissão da área","Value":"None"},{"ID":2,"Name":"Abrir barra lateral","Value":"Alt,Z"},{"ID":3,"Name":"Troca de gravação","Value":"Ctrl+Shift,E"},{"ID":4,"Name":"Salvar reprodução instantânea","Value":"Ctrl+Shift,S"},{"ID":5,"Name":"Salvar captura de tela","Value":"Ctrl+Shift,I"},{"ID":6,"Name":"Troca de microfone","Value":"Ctrl+Shift,M"},{"ID":7,"Name":"Troca de webcam","Value":"Ctrl+Shift,C"},{"ID":8,"Name":"Alternar gravação da área","Value":"None"},{"ID":9,"Name":"Salvar GIF instantâneo","Value":"Ctrl+Shift,J"},{"ID":10,"Name":"Salvar reprodução no jogo","Value":"Ctrl+Shift,U"},{"ID":11,"Name":"Pressione para falar","Value":"MOUSE_MIDDLE"},{"ID":12,"Name":"Abrir em tela cheia","Value":"Alt,R"},{"ID":13,"Name":"Alternar registro do desempenho","Value":"Ctrl+Shift,L"},{"ID":14,"Name":"Alternar sobreposição do desempenho","Value":"Ctrl+Shift,O"},{"ID":15,"Name":"Alternar Radeon™ Chill","Value":"122"},{"ID":16,"Name":"Alternar Radeon™ Anti-Lag","Value":"4684"},{"ID":17,"Name":"Alternar Radeon™ Boost","Value":"4683"},{"ID":18,"Name":"Mudar para cena 1","Value":"None"}]}],"Configurações de vídeo":[{"ComponentID":6,"ComponentKey":"67DFE705971043E7015.050.002.001","Settings":[{"ID":2,"Name":"Vibração de cores de vídeo","Value":0},{"ID":3,"Name":"Nitidez de vídeo","Value":0},{"ID":4,"Name":"Brilho personalizado","Value":0},{"ID":5,"Name":"AMD Steady Video","State":0,"Value":""},{"ID":6,"Name":"AMD Fluid Motion Video","State":0,"Value":""},{"ID":7,"Name":"Modo de demonstração","State":0,"Value":""},{"ID":1,"Name":"Perfil de vídeo","Value":0}]}],"Configurações do ReLive":[{"ComponentID":63,"ComponentKey":"04D9F5799A34","Settings":[]},{"ComponentID":51,"ComponentKey":"04D9F5799A34","Settings":[{"ID":0,"Name":"Chave de ReLive","State":1,"Value":""},{"ID":1,"Name":"Local para salvar mídias","Value":"C:\\Users\\jefferson\\Videos\\Radeon ReLive"},{"ID":5,"Name":"GIF instantâneo","State":0,"Value":""},{"ID":6,"Name":"Duração do GIF instantâneo","Value":15},{"ID":7,"Name":"Qualidade do GIF instantâneo","Value":"Medium"},{"ID":8,"Name":"Reprodução no jogo","State":0,"Value":""},{"ID":9,"Name":"Duração da reprodução no jogo","Value":15},{"ID":13,"Name":"Localização da reprodução no jogo","Value":"40,40"},{"ID":12,"Name":"Posição da reprodução no jogo","Value":"Centered"},{"ID":11,"Name":"Dimensões da reprodução no jogo","Value":"1280,720"},{"ID":10,"Name":"Tamanho da reprodução no jogo","Value":"Medium"},{"ID":2,"Name":"Reprodução instantânea","State":0,"Value":""},{"ID":3,"Name":"Duração da reprodução instantânea","Value":60},{"ID":4,"Name":"Buffer de reprodução instantânea","State":0,"Value":""},{"ID":14,"Name":"Perfil ao vivo","Value":"High"},{"ID":15,"Name":"Resolução em tempo real","Value":"720"},{"ID":16,"Name":"Taxa de bits de vídeo","Value":3500},{"ID":17,"Name":"FPS em tempo real","Value":60},{"ID":18,"Name":"Taxa de bits de áudio","Value":128},{"ID":19,"Name":"Conteúdo ao vivo armazenado localmente","State":0,"Value":""},{"ID":20,"Name":"Gravar área de trabalho","State":0,"Value":""},{"ID":21,"Name":"Mostrar indicador","State":0,"Value":""},{"ID":22,"Name":"Captura de área sem bordas","State":0,"Value":""},{"ID":23,"Name":"Microfone de gravação","State":0,"Value":""},{"ID":24,"Name":"Nível do microfone","Value":50},{"ID":25,"Name":"Pressione para falar","State":0,"Value":""},{"ID":26,"Name":"Aumento de áudio","Value":100},{"ID":27,"Name":"Perfil de gravação","Value":"High"},{"ID":28,"Name":"Resolução de gravação","Value":"InGame"},{"ID":29,"Name":"Gravando taxa de bits de vídeo","Value":30000},{"ID":30,"Name":"FPS de gravação","Value":60},{"ID":31,"Name":"Gravando taxa de bits de áudio","Value":192},{"ID":32,"Name":"Tipo de codificação de vídeo","Value":"AVC"},{"ID":33,"Name":"Canais de áudio","Value":0},{"ID":34,"Name":"Separar faixa do microfone","State":0,"Value":""}]}],"Configurações globais":[{"ComponentID":161,"ComponentKey":"67DFE705971043E7015.050.002.001","Settings":[{"Name":"Formato de pixels de dez bits","State":0,"Value":""}]},{"ComponentID":4,"ComponentKey":"04D9F5799A34","Settings":[]},{"ComponentID":7,"ComponentKey":"67DFE705971043E7015.050.002.001","Settings":[{"Name":"AnisoDegree","Value":"0"},{"Name":"AnisoType","Value":"0"},{"Name":"ShaderCache","Value":"1"},{"Name":"AntiAlias","Value":"1"},{"Name":"TurboSync","Value":"0"},{"Name":"SurfaceFormatReplacements","Value":"1"},{"Name":"Tessellation_OPTION","Value":"0"},{"Name":"EnableTripleBuffering","Value":"0"},{"Name":"ASE","Value":"0"},{"Name":"EQAA","Value":"0"},{"Name":"AntiAliasSamples","Value":"0"},{"Name":"TFQ","Value":"1"},{"Name":"VSyncControl","Value":"1"},{"Name":"MVPU","Value":""},{"Name":"Tessellation","Value":"64"},{"Name":"ASTT","Value":"0"},{"Name":"ASD","Value":"0"},{"Name":"MLF","Value":"0"},{"ID":0,"Name":"Radeon™ Anti-Lag","Value":0},{"ID":1,"Name":"Radeon™ Chill","SubSettings":[{"Name":"Toggle","Value":"0"},{"Name":"Min FPS","Value":"75"},{"Name":"Max FPS","Value":"140"}],"Value":""},{"ID":2,"Name":"Radeon™ Boost","State":0,"Value":50}]}],"SystemDetails":{"CNVerson":"20.20.01.08","DisplayIDs":[{"Index":10,"Key":"3257353513"}],"GPUIDs":[{"AutoDefault":0,"Index":1792,"Key":"67DFE705971043E7015.050.002.001","OD8AdvancedControl":0,"ODNComponentControl":0}],"GUID":"04D9F5799A34"},"Tela":[{"ComponentID":48,"ComponentKey":"3257353513","Settings":[{"Name":"CustomResolution-1024*1280@144","SubSettings":[{"Name":"PixelHeight","Value":"1024"},{"Name":"PixelWidth","Value":"1280"},{"Name":"RefreshRate","Value":"144"},{"Name":"TimingStandard","Value":"1"},{"Name":"PossibleStandard","Value":"43"},{"Name":"Size","Value":"96"},{"Name":"HTotal","Value":"1776"},{"Name":"VTotal","Value":"1116"},{"Name":"HDisplay","Value":"1280"},{"Name":"VDisplay","Value":"1024"},{"Name":"HSyncStart","Value":"1392"},{"Name":"HSyncWidth","Value":"136"},{"Name":"Overscan8B","Value":"0"},{"Name":"OverscanGR","Value":"0"},{"Name":"PixelClock","Value":"28500"},{"Name":"VSyncStart","Value":"1027"},{"Name":"VSyncWidth","Value":"7"},{"Name":"TimingFlags","Value":"4100"},{"Name":"VOverscanTop","Value":"0"},{"Name":"HOverscanLeft","Value":"0"},{"Name":"HOverscanRight","Value":"0"},{"Name":"VOverscanBottom","Value":"0"}],"Value":"1024*1280@144"}]},{"ComponentID":151,"ComponentKey":"3257353513","Settings":[{"Name":"Radeon IntegerScaling","Value":0}]},{"ComponentID":34,"ComponentKey":"3257353513","Settings":[{"Name":"Super-resolução virtual","Value":0}]},{"ComponentID":38,"ComponentKey":"3257353513","Settings":[{"ID":9,"Name":"Escala da GPU","Value":1},{"ID":11,"Name":"Modo de escala","Value":1}]},{"ComponentID":78,"ComponentKey":"3257353513","Settings":[{"ID":8,"Name":"Suporte HDCP","Value":1}]},{"ComponentID":50,"ComponentKey":"3257353513","Settings":[]},{"ComponentID":64,"ComponentKey":"3257353513","Settings":[{"ID":0,"Name":"Matiz","Value":0},{"ID":1,"Name":"Saturação","Value":100},{"ID":2,"Name":"Brilho","Value":0},{"ID":3,"Name":"Contraste","Value":100},{"ID":4,"Name":"Temperatura da cor","State":1,"Value":6500}]}],"WattMan Global":[{"ComponentID":5,"ComponentKey":"67DFE705971043E7015.050.002.001","Settings":[{"ID":12,"Name":"VOLTAGE_GPUCLOCK_ABS","State":0,"SubSettings":[{"Name":"0","Value":"750"},{"Name":"1","Value":"769"},{"Name":"2","Value":"881"},{"Name":"3","Value":"1106"},{"Name":"4","Value":"1193"},{"Name":"5","Value":"1150"},{"Name":"6","Value":"1150"},{"Name":"7","Value":"1150"}],"Value":""},{"ID":4,"Name":"GPU_CLOCK_ABS","State":1,"SubSettings":[{"Name":"0","Value":"300"},{"Name":"1","Value":"600"},{"Name":"2","Value":"900"},{"Name":"3","Value":"1162"},{"Name":"4","Value":"1233"},{"Name":"5","Value":"1275"},{"Name":"6","Value":"1319"},{"Name":"7","Value":"1430"}],"Value":""},{"ID":13,"Name":"VOLTAGE_MEMORYCLOCK_ABS","State":0,"SubSettings":[{"Name":"0","Value":"750"},{"Name":"1","Value":"800"},{"Name":"2","Value":"950"},{"Name":"3","Value":"0"},{"Name":"4","Value":"0"},{"Name":"5","Value":"0"},{"Name":"6","Value":"0"},{"Name":"7","Value":"0"}],"Value":""},{"ID":5,"Name":"MEMORY_CLOCK_ABS","State":1,"SubSettings":[{"Name":"0","Value":"300"},{"Name":"1","Value":"1000"},{"Name":"2","Value":"2000"},{"Name":"3","Value":"0"},{"Name":"4","Value":"0"},{"Name":"5","Value":"0"},{"Name":"6","Value":"0"},{"Name":"7","Value":"0"}],"Value":""},{"ID":17,"Name":"MEMORY_TIMING","State":0,"SubSettings":[{"Name":"0","Value":"0"}],"Value":""},{"ID":9,"Name":"FAN_SPEED_ABS","State":1,"SubSettings":[{"Name":"0","Value":"0"},{"Name":"1","Value":"0"},{"Name":"2","Value":"900"}],"Value":""},{"ID":8,"Name":"GPU_TEMPERATURE_ABS","State":0,"SubSettings":[{"Name":"0","Value":"0"},{"Name":"1","Value":"0"},{"Name":"2","Value":"20"}],"Value":""},{"ID":18,"Name":"ZERO_RPM","State":1,"SubSettings":[{"Name":"0","Value":"0"}],"Value":""},{"ID":20,"Name":"AUTO_OC_ENGINE","State":1,"SubSettings":[{"Name":"0","Value":"0"}],"Value":""},{"ID":25,"Name":"ASIC_POWER_ABS","State":0,"SubSettings":[{"Name":"0","Value":"0"}],"Value":""},{"ID":22,"Name":"FAN_CURVE","State":0,"SubSettings":[{"Name":"0","Value":"30"},{"Name":"1","Value":"48"},{"Name":"2","Value":"50"},{"Name":"3","Value":"52"},{"Name":"4","Value":"63"},{"Name":"5","Value":"61"},{"Name":"6","Value":"76"},{"Name":"7","Value":"71"},{"Name":"8","Value":"85"},{"Name":"9","Value":"89"}],"Value":""},{"ID":1,"Name":"GPU_ACTIVILITY_PERCENTAGE","State":0,"SubSettings":[{"Name":"0","Value":"0"}],"Value":""}]}]}